{
  "users": [
    {
      "username": "admin",
      "password": "password",
      "firstName": "admin12546uu",
      "lastName": "reeeee",
      "isAdmin": true,
      "id": 5
    },
    {
      "username": "user1",
      "password": "password",
      "firstName": "test",
      "lastName": "testuser",
      "isAdmin": true,
      "id": 6
    },
    {
      "username": "joe",
      "password": "passwo",
      "firstName": "jo",
      "lastName": "milton",
      "isAdmin": false,
      "id": 7
    },
    {
      "username": "milt",
      "password": "david34",
      "firstName": "json",
      "lastName": "milton",
      "isAdmin": "",
      "id": 8
    }
  ]
}